feature,sas_mean_abs_shap,nfe_mean_abs_shap,difference_sas_minus_nfe,abs_difference
af_difference_sas_minus_nfe,0.07717118869304347,0.5886861005999999,-0.5115149119069564,0.5115149119069564
AF_joint_nfe,0.0723987898,0.371031046322807,-0.298632256522807,0.298632256522807
AF_joint_sas,0.29261418118550725,0.09189363079007018,0.20072055039543707,0.20072055039543707
"review_status_criteria provided, multiple submitters, no conflicts",0.19067367413913042,0.3864264608947368,-0.1957527867556064,0.1957527867556064
AN_joint_sas,0.5605457698017392,0.6994499975929824,-0.13890422779124323,0.13890422779124323
odds_ratio,0.16194423554295653,0.02533440664330526,0.1366098288996513,0.1366098288996513
evaluation_age_days,0.7517681437831883,0.8877856083315789,-0.1360174645483906,0.1360174645483906
abs_af_difference,0.19340808079585503,0.26649651530778945,-0.07308843451193442,0.07308843451193442
AC_joint_nfe,0.07469313737773912,0.14640407453333332,-0.07171093715559419,0.07171093715559419
pvalue,0.12730389561159422,0.09498062284210528,0.032323272769488945,0.032323272769488945
AN_joint_nfe,0.250328742120684,0.26909751232982454,-0.01876877020914053,0.01876877020914053
multi_gene,0.03118963726956522,0.044937123105263155,-0.013747485835697935,0.013747485835697935
substitution_C>A,0.05817730132811594,0.07109970798561405,-0.012922406657498109,0.012922406657498109
AC_joint_sas,0.01635019317171015,0.003916224424175439,0.01243396874753471,0.01243396874753471
substitution_C>T,0.013728624585217394,0.02400848282736842,-0.010279858242151028,0.010279858242151028
variant_type_SNV,0.06072119877681159,0.07086483603508772,-0.010143637258276134,0.010143637258276134
substitution_C>G,0.02229802724057971,0.013341441689122808,0.008956585551456902,0.008956585551456902
substitution_A>T,0.01851915881797101,0.01317627294245614,0.005342885875514871,0.005342885875514871
review_status_no assertion criteria provided,0.004902928696231884,0.00989687386140351,-0.004993945165171626,0.004993945165171626
substitution_G>A,0.01893294717101449,0.016420973568421048,0.002511973602593441,0.002511973602593441
gnomad_matched,0.0038109801000000003,0.0060590074677193,-0.0022480273677192996,0.0022480273677192996
sas_af_missing,0.019833422562318844,0.01899252489824561,0.0008408976640732341,0.0008408976640732341
length_change,0.01016756293942029,0.010994471881052632,-0.0008269089416323427,0.0008269089416323427
substitution_A>C,0.012383423039130436,0.01293676365368421,-0.0005533406145537736,0.0005533406145537736
substitution_T>G,0.018290563618260865,0.017791433719649124,0.0004991298986117415,0.0004991298986117415
population_test_missing,0.0010354816231884058,0.0014949003684210527,-0.0004594187452326469,0.0004594187452326469
alt_length,0.0011544779839762322,0.001543644450835088,-0.00038916646685885586,0.00038916646685885586
variant_type_other,0.0036802282782608703,0.003913659713684211,-0.00023343143542334027,0.00023343143542334027
substitution_G>T,0.0013563034876521742,0.0015810671093333336,-0.00022476362168115946,0.00022476362168115946
substitution_G>C,0.001619077682608696,0.001639285784491228,-2.0208101882532e-05,2.0208101882532e-05
evaluation_date_missing,0.0,0.0,0.0,0.0
ref_length,0.0014774438000000002,0.0014774438000000002,0.0,0.0
substitution_A>G,0.0,0.0,0.0,0.0
"review_status_criteria provided, single submitter",0.0,0.0,0.0,0.0
nfe_af_missing,0.0,0.0,0.0,0.0
variant_type_insertion,0.0,0.0,0.0,0.0
variant_type_deletion,0.0,0.0,0.0,0.0
substitution_T>A,0.0,0.0,0.0,0.0
substitution_T>C,0.0,0.0,0.0,0.0
substitution_not_snv,0.0,0.0,0.0,0.0
comparison_category_insufficient_data,0.0,0.0,0.0,0.0
comparison_category_observed_zero_both,0.0,0.0,0.0,0.0
comparison_category_ref_equals_alt_excluded,0.0,0.0,0.0,0.0
comparison_category_reference_N_excluded,0.0,0.0,0.0,0.0
comparison_category_unmatched,0.0,0.0,0.0,0.0
comparison_category_valid_comparison,0.0,0.0,0.0,0.0
